method,nprobe,recall,qps,build_time
JHQ-GPU-v4-Batched,1,0.8862,9668.0,26.879399999999997
JHQ-GPU-v4-Batched,2,0.9591,9571.0,26.879399999999997
JHQ-GPU-v4-Batched,4,0.9907,9434.0,26.879399999999997
JHQ-GPU-v4-Batched,8,0.9982,9461.0,26.879399999999997
JHQ-GPU-v4-Batched,16,1.0,9099.0,26.879399999999997
JHQ-GPU-v4-Batched,32,1.0,8495.0,26.879399999999997
JHQ-GPU-v4-Batched,64,1.0,7151.0,26.879399999999997
JHQ-GPU-v4-Batched,128,1.0,5449.0,26.879399999999997
